[
  {
    "model": "users.customuser",
    "pk": 1,
    "fields": {
      "password": "pbkdf2_sha256$600000$c4kaPceAjndcHFtKv9kqk3$F5Z6v22sHJyo9e6sg3WaqXtIKd+FosYSNkRw/N+LVVY=",
      "last_login": "2025-05-24T09:36:00.858Z",
      "is_superuser": false,
      "is_staff": false,
      "is_active": true,
      "date_joined": "2025-05-23T15:53:15.216Z",
      "email": "lefty@example.com",
      "first_name": "Карлито",
      "last_name": "Бриганте",
      "avatar": "avatars/temp_ozDyK06.jpeg",
      "username": "lefty",
      "groups": [],
      "user_permissions": []
    }
  },
  {
    "model": "users.customuser",
    "pk": 3,
    "fields": {
      "password": "pbkdf2_sha256$600000$GPMeSU7IU5r5zqwXbLu8aw$oCMFDdALYP6hx3QDThq7mNvb+hW1nHReA9Qwfvb1FPs=",
      "last_login": "2025-05-24T09:52:57.493Z",
      "is_superuser": true,
      "is_staff": true,
      "is_active": true,
      "date_joined": "2025-05-23T16:12:07Z",
      "email": "sepriko@example.com",
      "first_name": "Альберто",
      "last_name": "Серпико",
      "avatar": "avatars/temp.jpeg",
      "username": "sepriko",
      "groups": [],
      "user_permissions": []
    }
  },
  {
    "model": "users.customuser",
    "pk": 4,
    "fields": {
      "password": "pbkdf2_sha256$600000$dWMsIwDj4EiSV2J19RUsVJ$FTCbsmzHs51IitErBv8HTWgvoeQUPLh7evLmjFZKnP4=",
      "last_login": "2025-05-24T09:25:50.546Z",
      "is_superuser": false,
      "is_staff": false,
      "is_active": true,
      "date_joined": "2025-05-23T16:13:12.313Z",
      "email": "tony@example.com",
      "first_name": "Тони",
      "last_name": "Монтана",
      "avatar": "avatars/temp_UavD3gy.jpeg",
      "username": "tony_montana",
      "groups": [],
      "user_permissions": []
    }
  },
  { "model": "users.follow", "pk": 2, "fields": { "user": 4, "following": 1 } },
  { "model": "users.follow", "pk": 3, "fields": { "user": 1, "following": 4 } },
  {
    "model": "recipes.recipe",
    "pk": 1,
    "fields": {
      "pub_date": "2025-05-24T09:14:58.430Z",
      "name": "Блины",
      "text": "Действия",
      "cooking_time": 123,
      "image": "recipe_images/temp.jpeg",
      "author": 1
    }
  },
  {
    "model": "recipes.recipe",
    "pk": 2,
    "fields": {
      "pub_date": "2025-05-24T09:15:08.778Z",
      "name": "Медовик",
      "text": "Действия",
      "cooking_time": 120,
      "image": "recipe_images/temp.png",
      "author": 4
    }
  },
  {
    "model": "recipes.recipe",
    "pk": 3,
    "fields": {
      "pub_date": "2025-05-24T09:16:16.239Z",
      "name": "Шарлотка",
      "text": "Шарлотка с яблоками - рецепт яблочного пирога из бисквитного теста.",
      "cooking_time": 12,
      "image": "recipe_images/temp_5ViiORq.jpeg",
      "author": 3
    }
  },
  {
    "model": "recipes.recipe",
    "pk": 4,
    "fields": {
      "pub_date": "2025-05-24T10:06:54.383Z",
      "name": "Салат \"Цезарь\"",
      "text": "«Цезарь» — овощной салат американской кухни (иногда относят к мексиканской или итальянской кухне).",
      "cooking_time": 60,
      "image": "recipe_images/temp_FaQVFRx.jpeg",
      "author": 3
    }
  },
  {
    "model": "recipes.recipeingredient",
    "pk": 46,
    "fields": { "recipe": 2, "ingredient": 14, "amount": 3 }
  },
  {
    "model": "recipes.recipeingredient",
    "pk": 47,
    "fields": { "recipe": 2, "ingredient": 16, "amount": 100 }
  },
  {
    "model": "recipes.recipeingredient",
    "pk": 48,
    "fields": { "recipe": 2, "ingredient": 17, "amount": 100 }
  },
  {
    "model": "recipes.recipeingredient",
    "pk": 49,
    "fields": { "recipe": 2, "ingredient": 32, "amount": 200 }
  },
  {
    "model": "recipes.recipeingredient",
    "pk": 50,
    "fields": { "recipe": 2, "ingredient": 33, "amount": 85 }
  },
  {
    "model": "recipes.recipeingredient",
    "pk": 51,
    "fields": { "recipe": 2, "ingredient": 35, "amount": 1 }
  },
  {
    "model": "recipes.recipeingredient",
    "pk": 52,
    "fields": { "recipe": 2, "ingredient": 36, "amount": 1 }
  },
  {
    "model": "recipes.recipeingredient",
    "pk": 53,
    "fields": { "recipe": 2, "ingredient": 37, "amount": 400 }
  },
  {
    "model": "recipes.recipeingredient",
    "pk": 54,
    "fields": { "recipe": 2, "ingredient": 38, "amount": 1 }
  },
  {
    "model": "recipes.recipeingredient",
    "pk": 64,
    "fields": { "recipe": 1, "ingredient": 18, "amount": 500 }
  },
  {
    "model": "recipes.recipeingredient",
    "pk": 65,
    "fields": { "recipe": 1, "ingredient": 14, "amount": 3 }
  },
  {
    "model": "recipes.recipeingredient",
    "pk": 66,
    "fields": { "recipe": 1, "ingredient": 32, "amount": 200 }
  },
  {
    "model": "recipes.recipeingredient",
    "pk": 67,
    "fields": { "recipe": 1, "ingredient": 17, "amount": 30 }
  },
  {
    "model": "recipes.recipeingredient",
    "pk": 68,
    "fields": { "recipe": 1, "ingredient": 16, "amount": 30 }
  },
  {
    "model": "recipes.recipeingredient",
    "pk": 69,
    "fields": { "recipe": 1, "ingredient": 45, "amount": 2 }
  },
  {
    "model": "recipes.recipeingredient",
    "pk": 99,
    "fields": { "recipe": 4, "ingredient": 14, "amount": 2 }
  },
  {
    "model": "recipes.recipeingredient",
    "pk": 100,
    "fields": { "recipe": 4, "ingredient": 46, "amount": 6 }
  },
  {
    "model": "recipes.recipeingredient",
    "pk": 101,
    "fields": { "recipe": 4, "ingredient": 47, "amount": 100 }
  },
  {
    "model": "recipes.recipeingredient",
    "pk": 102,
    "fields": { "recipe": 4, "ingredient": 48, "amount": 400 }
  },
  {
    "model": "recipes.recipeingredient",
    "pk": 103,
    "fields": { "recipe": 4, "ingredient": 49, "amount": 1 }
  },
  {
    "model": "recipes.recipeingredient",
    "pk": 104,
    "fields": { "recipe": 4, "ingredient": 50, "amount": 3 }
  },
  {
    "model": "recipes.recipeingredient",
    "pk": 105,
    "fields": { "recipe": 4, "ingredient": 51, "amount": 2 }
  },
  {
    "model": "recipes.recipeingredient",
    "pk": 106,
    "fields": { "recipe": 4, "ingredient": 52, "amount": 100 }
  },
  {
    "model": "recipes.recipeingredient",
    "pk": 107,
    "fields": { "recipe": 4, "ingredient": 53, "amount": 1 }
  },
  {
    "model": "recipes.recipeingredient",
    "pk": 108,
    "fields": { "recipe": 3, "ingredient": 17, "amount": 70 }
  },
  {
    "model": "recipes.recipeingredient",
    "pk": 109,
    "fields": { "recipe": 3, "ingredient": 35, "amount": 1 }
  },
  {
    "model": "recipes.recipeingredient",
    "pk": 110,
    "fields": { "recipe": 3, "ingredient": 39, "amount": 250 }
  },
  {
    "model": "recipes.recipeingredient",
    "pk": 111,
    "fields": { "recipe": 3, "ingredient": 40, "amount": 250 }
  },
  {
    "model": "recipes.recipeingredient",
    "pk": 112,
    "fields": { "recipe": 3, "ingredient": 41, "amount": 250 }
  },
  {
    "model": "recipes.recipeingredient",
    "pk": 113,
    "fields": { "recipe": 3, "ingredient": 42, "amount": 250 }
  },
  {
    "model": "recipes.recipeingredient",
    "pk": 114,
    "fields": { "recipe": 3, "ingredient": 43, "amount": 4 }
  },
  {
    "model": "recipes.favouriteuserrecipe",
    "pk": 1,
    "fields": { "user": 1, "recipe": 1 }
  },
  {
    "model": "recipes.shoppingcart",
    "pk": 1,
    "fields": { "user": 3, "recipe": 3 }
  },
  {
    "model": "recipes.shoppingcart",
    "pk": 2,
    "fields": { "user": 3, "recipe": 2 }
  },
  {
    "model": "recipes.shoppingcart",
    "pk": 3,
    "fields": { "user": 3, "recipe": 1 }
  },
  {
    "model": "recipes.shoppingcart",
    "pk": 4,
    "fields": { "user": 3, "recipe": 4 }
  },
  {
    "model": "ingredients.ingredient",
    "pk": 1,
    "fields": { "name": "бараний ливер", "measurement_unit": "г" }
  },
  {
    "model": "ingredients.ingredient",
    "pk": 2,
    "fields": { "name": "куриное филе", "measurement_unit": "г" }
  },
  {
    "model": "ingredients.ingredient",
    "pk": 3,
    "fields": { "name": "гречневая крупа", "measurement_unit": "г" }
  },
  {
    "model": "ingredients.ingredient",
    "pk": 4,
    "fields": { "name": "томатная паста", "measurement_unit": "г" }
  },
  {
    "model": "ingredients.ingredient",
    "pk": 5,
    "fields": { "name": "сметана", "measurement_unit": "мл" }
  },
  {
    "model": "ingredients.ingredient",
    "pk": 6,
    "fields": { "name": "черный перец", "measurement_unit": "г" }
  },
  {
    "model": "ingredients.ingredient",
    "pk": 7,
    "fields": { "name": "свекла", "measurement_unit": "шт" }
  },
  {
    "model": "ingredients.ingredient",
    "pk": 8,
    "fields": { "name": "растительное масло", "measurement_unit": "мл" }
  },
  {
    "model": "ingredients.ingredient",
    "pk": 9,
    "fields": { "name": "чеснок", "measurement_unit": "зубчик" }
  },
  {
    "model": "ingredients.ingredient",
    "pk": 10,
    "fields": { "name": "кориандр", "measurement_unit": "г" }
  },
  {
    "model": "ingredients.ingredient",
    "pk": 11,
    "fields": { "name": "картофель", "measurement_unit": "шт" }
  },
  {
    "model": "ingredients.ingredient",
    "pk": 12,
    "fields": { "name": "морковь", "measurement_unit": "шт" }
  },
  {
    "model": "ingredients.ingredient",
    "pk": 13,
    "fields": { "name": "лук репчатый", "measurement_unit": "шт" }
  },
  {
    "model": "ingredients.ingredient",
    "pk": 14,
    "fields": { "name": "яйцо куриное", "measurement_unit": "шт" }
  },
  {
    "model": "ingredients.ingredient",
    "pk": 15,
    "fields": { "name": "пшеничная мука", "measurement_unit": "г" }
  },
  {
    "model": "ingredients.ingredient",
    "pk": 16,
    "fields": { "name": "сахар", "measurement_unit": "г" }
  },
  {
    "model": "ingredients.ingredient",
    "pk": 17,
    "fields": { "name": "сливочное масло", "measurement_unit": "г" }
  },
  {
    "model": "ingredients.ingredient",
    "pk": 18,
    "fields": { "name": "молоко", "measurement_unit": "мл" }
  },
  {
    "model": "ingredients.ingredient",
    "pk": 19,
    "fields": { "name": "грецкий орех", "measurement_unit": "г" }
  },
  {
    "model": "ingredients.ingredient",
    "pk": 20,
    "fields": { "name": "черешня", "measurement_unit": "г" }
  },
  {
    "model": "ingredients.ingredient",
    "pk": 21,
    "fields": { "name": "имбирь", "measurement_unit": "г" }
  },
  {
    "model": "ingredients.ingredient",
    "pk": 22,
    "fields": { "name": "ананас", "measurement_unit": "г" }
  },
  {
    "model": "ingredients.ingredient",
    "pk": 23,
    "fields": { "name": "капуста белокочанная", "measurement_unit": "шт" }
  },
  {
    "model": "ingredients.ingredient",
    "pk": 24,
    "fields": { "name": "перец болгарский", "measurement_unit": "шт" }
  },
  {
    "model": "ingredients.ingredient",
    "pk": 25,
    "fields": { "name": "грибы шампиньоны", "measurement_unit": "г" }
  },
  {
    "model": "ingredients.ingredient",
    "pk": 26,
    "fields": { "name": "кунжут", "measurement_unit": "г" }
  },
  {
    "model": "ingredients.ingredient",
    "pk": 27,
    "fields": { "name": "миндаль", "measurement_unit": "г" }
  },
  {
    "model": "ingredients.ingredient",
    "pk": 28,
    "fields": { "name": "соевый соус", "measurement_unit": "мл" }
  },
  {
    "model": "ingredients.ingredient",
    "pk": 29,
    "fields": { "name": "мед", "measurement_unit": "мл" }
  },
  {
    "model": "ingredients.ingredient",
    "pk": 30,
    "fields": { "name": "лавровый лист", "measurement_unit": "шт" }
  },
  {
    "model": "ingredients.ingredient",
    "pk": 31,
    "fields": { "name": "укроп", "measurement_unit": "г" }
  },
  {
    "model": "ingredients.ingredient",
    "pk": 32,
    "fields": { "name": "мука", "measurement_unit": "г" }
  },
  {
    "model": "ingredients.ingredient",
    "pk": 33,
    "fields": { "name": "мед", "measurement_unit": "г" }
  },
  {
    "model": "ingredients.ingredient",
    "pk": 35,
    "fields": { "name": "сода", "measurement_unit": "ч.л." }
  },
  {
    "model": "ingredients.ingredient",
    "pk": 36,
    "fields": { "name": "соль", "measurement_unit": "щеп." }
  },
  {
    "model": "ingredients.ingredient",
    "pk": 37,
    "fields": { "name": "сметана 20% жирности", "measurement_unit": "г" }
  },
  {
    "model": "ingredients.ingredient",
    "pk": 38,
    "fields": { "name": "сахарная пудра", "measurement_unit": "ст.л." }
  },
  {
    "model": "ingredients.ingredient",
    "pk": 39,
    "fields": { "name": "сахар", "measurement_unit": "мл" }
  },
  {
    "model": "ingredients.ingredient",
    "pk": 40,
    "fields": { "name": "кефир", "measurement_unit": "мл" }
  },
  {
    "model": "ingredients.ingredient",
    "pk": 41,
    "fields": { "name": "белая пшеничная мука", "measurement_unit": "мл" }
  },
  {
    "model": "ingredients.ingredient",
    "pk": 42,
    "fields": { "name": "кукурузная мука", "measurement_unit": "мл" }
  },
  {
    "model": "ingredients.ingredient",
    "pk": 43,
    "fields": { "name": "яблоки", "measurement_unit": "шт" }
  },
  {
    "model": "ingredients.ingredient",
    "pk": 44,
    "fields": { "name": "ванильный сахар", "measurement_unit": "пакет." }
  },
  {
    "model": "ingredients.ingredient",
    "pk": 45,
    "fields": { "name": "соль", "measurement_unit": "г" }
  },
  {
    "model": "ingredients.ingredient",
    "pk": 46,
    "fields": { "name": "листья салата", "measurement_unit": "шт" }
  },
  {
    "model": "ingredients.ingredient",
    "pk": 47,
    "fields": { "name": "пармезан", "measurement_unit": "г" }
  },
  {
    "model": "ingredients.ingredient",
    "pk": 48,
    "fields": { "name": "обжаренная куриная грудка", "measurement_unit": "г" }
  },
  {
    "model": "ingredients.ingredient",
    "pk": 49,
    "fields": { "name": "оливковое масло", "measurement_unit": "стак." }
  },
  {
    "model": "ingredients.ingredient",
    "pk": 50,
    "fields": { "name": "Средние зубчики чеснока", "measurement_unit": "шт" }
  },
  {
    "model": "ingredients.ingredient",
    "pk": 51,
    "fields": { "name": "дижонская горчица", "measurement_unit": "ч.л." }
  },
  {
    "model": "ingredients.ingredient",
    "pk": 52,
    "fields": { "name": "помидоры черри", "measurement_unit": "г" }
  },
  {
    "model": "ingredients.ingredient",
    "pk": 53,
    "fields": { "name": "соль", "measurement_unit": "по вкусу" }
  },
  {
    "model": "ingredients.ingredient",
    "pk": 54,
    "fields": { "name": "вустерский соус", "measurement_unit": "по вкусу" }
  },
  {
    "model": "admin.logentry",
    "pk": 1,
    "fields": {
      "action_time": "2025-05-23T16:12:34.901Z",
      "user": 3,
      "content_type": 1,
      "object_id": "2",
      "object_repr": "godfather",
      "action_flag": 3,
      "change_message": ""
    }
  },
  {
    "model": "admin.logentry",
    "pk": 2,
    "fields": {
      "action_time": "2025-05-23T16:17:03.999Z",
      "user": 3,
      "content_type": 1,
      "object_id": "3",
      "object_repr": "sepriko",
      "action_flag": 2,
      "change_message": "[{\"changed\": {\"fields\": [\"\\u0418\\u043c\\u044f\", \"\\u0424\\u0430\\u043c\\u0438\\u043b\\u0438\\u044f\"]}}]"
    }
  },
  {
    "model": "admin.logentry",
    "pk": 3,
    "fields": {
      "action_time": "2025-05-24T09:14:58.432Z",
      "user": 3,
      "content_type": 3,
      "object_id": "1",
      "object_repr": "Блины",
      "action_flag": 2,
      "change_message": "[{\"changed\": {\"fields\": [\"\\u041d\\u0430\\u0437\\u0432\\u0430\\u043d\\u0438\\u0435 \\u0440\\u0435\\u0446\\u0435\\u043f\\u0442\\u0430\"]}}]"
    }
  },
  {
    "model": "admin.logentry",
    "pk": 4,
    "fields": {
      "action_time": "2025-05-24T09:15:08.779Z",
      "user": 3,
      "content_type": 3,
      "object_id": "2",
      "object_repr": "Медовик",
      "action_flag": 2,
      "change_message": "[{\"changed\": {\"fields\": [\"\\u041d\\u0430\\u0437\\u0432\\u0430\\u043d\\u0438\\u0435 \\u0440\\u0435\\u0446\\u0435\\u043f\\u0442\\u0430\"]}}]"
    }
  },
  {
    "model": "admin.logentry",
    "pk": 5,
    "fields": {
      "action_time": "2025-05-24T09:15:13.600Z",
      "user": 3,
      "content_type": 3,
      "object_id": "3",
      "object_repr": "Шарлотка",
      "action_flag": 2,
      "change_message": "[{\"changed\": {\"fields\": [\"\\u041d\\u0430\\u0437\\u0432\\u0430\\u043d\\u0438\\u0435 \\u0440\\u0435\\u0446\\u0435\\u043f\\u0442\\u0430\"]}}]"
    }
  },
  {
    "model": "admin.logentry",
    "pk": 6,
    "fields": {
      "action_time": "2025-05-24T09:16:16.241Z",
      "user": 3,
      "content_type": 3,
      "object_id": "3",
      "object_repr": "Шарлотка",
      "action_flag": 2,
      "change_message": "[{\"changed\": {\"fields\": [\"\\u041e\\u043f\\u0438\\u0441\\u0430\\u043d\\u0438\\u0435 \\u0440\\u0435\\u0446\\u0435\\u043f\\u0442\\u0430\"]}}]"
    }
  },
  {
    "model": "admin.logentry",
    "pk": 7,
    "fields": {
      "action_time": "2025-05-24T09:23:21.928Z",
      "user": 3,
      "content_type": 7,
      "object_id": "32",
      "object_repr": "мука, г",
      "action_flag": 1,
      "change_message": "[{\"added\": {}}]"
    }
  },
  {
    "model": "admin.logentry",
    "pk": 8,
    "fields": {
      "action_time": "2025-05-24T09:23:31.758Z",
      "user": 3,
      "content_type": 7,
      "object_id": "33",
      "object_repr": "мед, г",
      "action_flag": 1,
      "change_message": "[{\"added\": {}}]"
    }
  },
  {
    "model": "admin.logentry",
    "pk": 9,
    "fields": {
      "action_time": "2025-05-24T09:23:53.703Z",
      "user": 3,
      "content_type": 7,
      "object_id": "34",
      "object_repr": "яйца куриные, шт",
      "action_flag": 1,
      "change_message": "[{\"added\": {}}]"
    }
  },
  {
    "model": "admin.logentry",
    "pk": 10,
    "fields": {
      "action_time": "2025-05-24T09:24:04.425Z",
      "user": 3,
      "content_type": 7,
      "object_id": "34",
      "object_repr": "яйца куриные, шт",
      "action_flag": 3,
      "change_message": ""
    }
  },
  {
    "model": "admin.logentry",
    "pk": 11,
    "fields": {
      "action_time": "2025-05-24T09:24:21.597Z",
      "user": 3,
      "content_type": 7,
      "object_id": "35",
      "object_repr": "сода, ч.л.",
      "action_flag": 1,
      "change_message": "[{\"added\": {}}]"
    }
  },
  {
    "model": "admin.logentry",
    "pk": 12,
    "fields": {
      "action_time": "2025-05-24T09:24:29.290Z",
      "user": 3,
      "content_type": 7,
      "object_id": "36",
      "object_repr": "соль, щеп.",
      "action_flag": 1,
      "change_message": "[{\"added\": {}}]"
    }
  },
  {
    "model": "admin.logentry",
    "pk": 13,
    "fields": {
      "action_time": "2025-05-24T09:24:40.737Z",
      "user": 3,
      "content_type": 7,
      "object_id": "37",
      "object_repr": "сметана 20% жирности, г",
      "action_flag": 1,
      "change_message": "[{\"added\": {}}]"
    }
  },
  {
    "model": "admin.logentry",
    "pk": 14,
    "fields": {
      "action_time": "2025-05-24T09:24:49.942Z",
      "user": 3,
      "content_type": 7,
      "object_id": "38",
      "object_repr": "сахарная пудра, ст.л.",
      "action_flag": 1,
      "change_message": "[{\"added\": {}}]"
    }
  },
  {
    "model": "admin.logentry",
    "pk": 15,
    "fields": {
      "action_time": "2025-05-24T09:29:10.973Z",
      "user": 3,
      "content_type": 7,
      "object_id": "39",
      "object_repr": "сахар, мл",
      "action_flag": 1,
      "change_message": "[{\"added\": {}}]"
    }
  },
  {
    "model": "admin.logentry",
    "pk": 16,
    "fields": {
      "action_time": "2025-05-24T09:29:21.776Z",
      "user": 3,
      "content_type": 7,
      "object_id": "40",
      "object_repr": "кефир, мл",
      "action_flag": 1,
      "change_message": "[{\"added\": {}}]"
    }
  },
  {
    "model": "admin.logentry",
    "pk": 17,
    "fields": {
      "action_time": "2025-05-24T09:29:34.988Z",
      "user": 3,
      "content_type": 7,
      "object_id": "41",
      "object_repr": "белая пшеничная мука, мл",
      "action_flag": 1,
      "change_message": "[{\"added\": {}}]"
    }
  },
  {
    "model": "admin.logentry",
    "pk": 18,
    "fields": {
      "action_time": "2025-05-24T09:29:46.864Z",
      "user": 3,
      "content_type": 7,
      "object_id": "42",
      "object_repr": "кукурузная мука, мл",
      "action_flag": 1,
      "change_message": "[{\"added\": {}}]"
    }
  },
  {
    "model": "admin.logentry",
    "pk": 19,
    "fields": {
      "action_time": "2025-05-24T09:30:08.049Z",
      "user": 3,
      "content_type": 7,
      "object_id": "43",
      "object_repr": "яблоки, шт",
      "action_flag": 1,
      "change_message": "[{\"added\": {}}]"
    }
  },
  {
    "model": "admin.logentry",
    "pk": 20,
    "fields": {
      "action_time": "2025-05-24T09:30:35.806Z",
      "user": 3,
      "content_type": 7,
      "object_id": "44",
      "object_repr": "ванильный сахар, пакет.",
      "action_flag": 1,
      "change_message": "[{\"added\": {}}]"
    }
  },
  {
    "model": "admin.logentry",
    "pk": 21,
    "fields": {
      "action_time": "2025-05-24T09:31:17.107Z",
      "user": 3,
      "content_type": 7,
      "object_id": "45",
      "object_repr": "соль, г",
      "action_flag": 1,
      "change_message": "[{\"added\": {}}]"
    }
  },
  {
    "model": "admin.logentry",
    "pk": 22,
    "fields": {
      "action_time": "2025-05-24T09:35:24.722Z",
      "user": 3,
      "content_type": 3,
      "object_id": "4",
      "object_repr": "вапвап",
      "action_flag": 3,
      "change_message": ""
    }
  },
  {
    "model": "admin.logentry",
    "pk": 23,
    "fields": {
      "action_time": "2025-05-24T10:00:27.112Z",
      "user": 3,
      "content_type": 7,
      "object_id": "46",
      "object_repr": "Листья салата, шт",
      "action_flag": 1,
      "change_message": "[{\"added\": {}}]"
    }
  },
  {
    "model": "admin.logentry",
    "pk": 24,
    "fields": {
      "action_time": "2025-05-24T10:00:34.383Z",
      "user": 3,
      "content_type": 7,
      "object_id": "46",
      "object_repr": "листья салата, шт",
      "action_flag": 2,
      "change_message": "[{\"changed\": {\"fields\": [\"\\u041d\\u0430\\u0437\\u0432\\u0430\\u043d\\u0438\\u0435 \\u0438\\u043d\\u0433\\u0440\\u0435\\u0434\\u0438\\u0435\\u043d\\u0442\\u0430\"]}}]"
    }
  },
  {
    "model": "admin.logentry",
    "pk": 25,
    "fields": {
      "action_time": "2025-05-24T10:01:18.974Z",
      "user": 3,
      "content_type": 7,
      "object_id": "47",
      "object_repr": "пармезан, г",
      "action_flag": 1,
      "change_message": "[{\"added\": {}}]"
    }
  },
  {
    "model": "admin.logentry",
    "pk": 26,
    "fields": {
      "action_time": "2025-05-24T10:01:37.283Z",
      "user": 3,
      "content_type": 7,
      "object_id": "48",
      "object_repr": "обжаренная куриная грудка, г",
      "action_flag": 1,
      "change_message": "[{\"added\": {}}]"
    }
  },
  {
    "model": "admin.logentry",
    "pk": 27,
    "fields": {
      "action_time": "2025-05-24T10:01:52.182Z",
      "user": 3,
      "content_type": 7,
      "object_id": "49",
      "object_repr": "оливковое масло, стак.",
      "action_flag": 1,
      "change_message": "[{\"added\": {}}]"
    }
  },
  {
    "model": "admin.logentry",
    "pk": 28,
    "fields": {
      "action_time": "2025-05-24T10:02:16.987Z",
      "user": 3,
      "content_type": 7,
      "object_id": "50",
      "object_repr": "Средние зубчики чеснока, шт",
      "action_flag": 1,
      "change_message": "[{\"added\": {}}]"
    }
  },
  {
    "model": "admin.logentry",
    "pk": 29,
    "fields": {
      "action_time": "2025-05-24T10:02:32.648Z",
      "user": 3,
      "content_type": 7,
      "object_id": "51",
      "object_repr": "дижонская горчица, ч.л.",
      "action_flag": 1,
      "change_message": "[{\"added\": {}}]"
    }
  },
  {
    "model": "admin.logentry",
    "pk": 30,
    "fields": {
      "action_time": "2025-05-24T10:02:48.669Z",
      "user": 3,
      "content_type": 7,
      "object_id": "52",
      "object_repr": "помидоры черри, г",
      "action_flag": 1,
      "change_message": "[{\"added\": {}}]"
    }
  },
  {
    "model": "admin.logentry",
    "pk": 31,
    "fields": {
      "action_time": "2025-05-24T10:03:07.790Z",
      "user": 3,
      "content_type": 7,
      "object_id": "53",
      "object_repr": "соль, по вкусу",
      "action_flag": 1,
      "change_message": "[{\"added\": {}}]"
    }
  },
  {
    "model": "admin.logentry",
    "pk": 32,
    "fields": {
      "action_time": "2025-05-24T10:03:16.099Z",
      "user": 3,
      "content_type": 7,
      "object_id": "54",
      "object_repr": "вустерский соус, по вкусу",
      "action_flag": 1,
      "change_message": "[{\"added\": {}}]"
    }
  },
  {
    "model": "auth.permission",
    "pk": 1,
    "fields": {
      "name": "Can add Пользователь",
      "content_type": 1,
      "codename": "add_customuser"
    }
  },
  {
    "model": "auth.permission",
    "pk": 2,
    "fields": {
      "name": "Can change Пользователь",
      "content_type": 1,
      "codename": "change_customuser"
    }
  },
  {
    "model": "auth.permission",
    "pk": 3,
    "fields": {
      "name": "Can delete Пользователь",
      "content_type": 1,
      "codename": "delete_customuser"
    }
  },
  {
    "model": "auth.permission",
    "pk": 4,
    "fields": {
      "name": "Can view Пользователь",
      "content_type": 1,
      "codename": "view_customuser"
    }
  },
  {
    "model": "auth.permission",
    "pk": 5,
    "fields": {
      "name": "Can add Подписка",
      "content_type": 2,
      "codename": "add_follow"
    }
  },
  {
    "model": "auth.permission",
    "pk": 6,
    "fields": {
      "name": "Can change Подписка",
      "content_type": 2,
      "codename": "change_follow"
    }
  },
  {
    "model": "auth.permission",
    "pk": 7,
    "fields": {
      "name": "Can delete Подписка",
      "content_type": 2,
      "codename": "delete_follow"
    }
  },
  {
    "model": "auth.permission",
    "pk": 8,
    "fields": {
      "name": "Can view Подписка",
      "content_type": 2,
      "codename": "view_follow"
    }
  },
  {
    "model": "auth.permission",
    "pk": 9,
    "fields": {
      "name": "Can add Рецепт",
      "content_type": 3,
      "codename": "add_recipe"
    }
  },
  {
    "model": "auth.permission",
    "pk": 10,
    "fields": {
      "name": "Can change Рецепт",
      "content_type": 3,
      "codename": "change_recipe"
    }
  },
  {
    "model": "auth.permission",
    "pk": 11,
    "fields": {
      "name": "Can delete Рецепт",
      "content_type": 3,
      "codename": "delete_recipe"
    }
  },
  {
    "model": "auth.permission",
    "pk": 12,
    "fields": {
      "name": "Can view Рецепт",
      "content_type": 3,
      "codename": "view_recipe"
    }
  },
  {
    "model": "auth.permission",
    "pk": 13,
    "fields": {
      "name": "Can add Список покупок",
      "content_type": 4,
      "codename": "add_shoppingcart"
    }
  },
  {
    "model": "auth.permission",
    "pk": 14,
    "fields": {
      "name": "Can change Список покупок",
      "content_type": 4,
      "codename": "change_shoppingcart"
    }
  },
  {
    "model": "auth.permission",
    "pk": 15,
    "fields": {
      "name": "Can delete Список покупок",
      "content_type": 4,
      "codename": "delete_shoppingcart"
    }
  },
  {
    "model": "auth.permission",
    "pk": 16,
    "fields": {
      "name": "Can view Список покупок",
      "content_type": 4,
      "codename": "view_shoppingcart"
    }
  },
  {
    "model": "auth.permission",
    "pk": 17,
    "fields": {
      "name": "Can add Ингредиент для рецепта",
      "content_type": 5,
      "codename": "add_recipeingredient"
    }
  },
  {
    "model": "auth.permission",
    "pk": 18,
    "fields": {
      "name": "Can change Ингредиент для рецепта",
      "content_type": 5,
      "codename": "change_recipeingredient"
    }
  },
  {
    "model": "auth.permission",
    "pk": 19,
    "fields": {
      "name": "Can delete Ингредиент для рецепта",
      "content_type": 5,
      "codename": "delete_recipeingredient"
    }
  },
  {
    "model": "auth.permission",
    "pk": 20,
    "fields": {
      "name": "Can view Ингредиент для рецепта",
      "content_type": 5,
      "codename": "view_recipeingredient"
    }
  },
  {
    "model": "auth.permission",
    "pk": 21,
    "fields": {
      "name": "Can add Избранный рецепт",
      "content_type": 6,
      "codename": "add_favouriteuserrecipe"
    }
  },
  {
    "model": "auth.permission",
    "pk": 22,
    "fields": {
      "name": "Can change Избранный рецепт",
      "content_type": 6,
      "codename": "change_favouriteuserrecipe"
    }
  },
  {
    "model": "auth.permission",
    "pk": 23,
    "fields": {
      "name": "Can delete Избранный рецепт",
      "content_type": 6,
      "codename": "delete_favouriteuserrecipe"
    }
  },
  {
    "model": "auth.permission",
    "pk": 24,
    "fields": {
      "name": "Can view Избранный рецепт",
      "content_type": 6,
      "codename": "view_favouriteuserrecipe"
    }
  },
  {
    "model": "auth.permission",
    "pk": 25,
    "fields": {
      "name": "Can add Ингредиент",
      "content_type": 7,
      "codename": "add_ingredient"
    }
  },
  {
    "model": "auth.permission",
    "pk": 26,
    "fields": {
      "name": "Can change Ингредиент",
      "content_type": 7,
      "codename": "change_ingredient"
    }
  },
  {
    "model": "auth.permission",
    "pk": 27,
    "fields": {
      "name": "Can delete Ингредиент",
      "content_type": 7,
      "codename": "delete_ingredient"
    }
  },
  {
    "model": "auth.permission",
    "pk": 28,
    "fields": {
      "name": "Can view Ингредиент",
      "content_type": 7,
      "codename": "view_ingredient"
    }
  },
  {
    "model": "auth.permission",
    "pk": 29,
    "fields": {
      "name": "Can add log entry",
      "content_type": 8,
      "codename": "add_logentry"
    }
  },
  {
    "model": "auth.permission",
    "pk": 30,
    "fields": {
      "name": "Can change log entry",
      "content_type": 8,
      "codename": "change_logentry"
    }
  },
  {
    "model": "auth.permission",
    "pk": 31,
    "fields": {
      "name": "Can delete log entry",
      "content_type": 8,
      "codename": "delete_logentry"
    }
  },
  {
    "model": "auth.permission",
    "pk": 32,
    "fields": {
      "name": "Can view log entry",
      "content_type": 8,
      "codename": "view_logentry"
    }
  },
  {
    "model": "auth.permission",
    "pk": 33,
    "fields": {
      "name": "Can add permission",
      "content_type": 9,
      "codename": "add_permission"
    }
  },
  {
    "model": "auth.permission",
    "pk": 34,
    "fields": {
      "name": "Can change permission",
      "content_type": 9,
      "codename": "change_permission"
    }
  },
  {
    "model": "auth.permission",
    "pk": 35,
    "fields": {
      "name": "Can delete permission",
      "content_type": 9,
      "codename": "delete_permission"
    }
  },
  {
    "model": "auth.permission",
    "pk": 36,
    "fields": {
      "name": "Can view permission",
      "content_type": 9,
      "codename": "view_permission"
    }
  },
  {
    "model": "auth.permission",
    "pk": 37,
    "fields": {
      "name": "Can add group",
      "content_type": 10,
      "codename": "add_group"
    }
  },
  {
    "model": "auth.permission",
    "pk": 38,
    "fields": {
      "name": "Can change group",
      "content_type": 10,
      "codename": "change_group"
    }
  },
  {
    "model": "auth.permission",
    "pk": 39,
    "fields": {
      "name": "Can delete group",
      "content_type": 10,
      "codename": "delete_group"
    }
  },
  {
    "model": "auth.permission",
    "pk": 40,
    "fields": {
      "name": "Can view group",
      "content_type": 10,
      "codename": "view_group"
    }
  },
  {
    "model": "auth.permission",
    "pk": 41,
    "fields": {
      "name": "Can add content type",
      "content_type": 11,
      "codename": "add_contenttype"
    }
  },
  {
    "model": "auth.permission",
    "pk": 42,
    "fields": {
      "name": "Can change content type",
      "content_type": 11,
      "codename": "change_contenttype"
    }
  },
  {
    "model": "auth.permission",
    "pk": 43,
    "fields": {
      "name": "Can delete content type",
      "content_type": 11,
      "codename": "delete_contenttype"
    }
  },
  {
    "model": "auth.permission",
    "pk": 44,
    "fields": {
      "name": "Can view content type",
      "content_type": 11,
      "codename": "view_contenttype"
    }
  },
  {
    "model": "auth.permission",
    "pk": 45,
    "fields": {
      "name": "Can add session",
      "content_type": 12,
      "codename": "add_session"
    }
  },
  {
    "model": "auth.permission",
    "pk": 46,
    "fields": {
      "name": "Can change session",
      "content_type": 12,
      "codename": "change_session"
    }
  },
  {
    "model": "auth.permission",
    "pk": 47,
    "fields": {
      "name": "Can delete session",
      "content_type": 12,
      "codename": "delete_session"
    }
  },
  {
    "model": "auth.permission",
    "pk": 48,
    "fields": {
      "name": "Can view session",
      "content_type": 12,
      "codename": "view_session"
    }
  },
  {
    "model": "auth.permission",
    "pk": 49,
    "fields": {
      "name": "Can add Token",
      "content_type": 13,
      "codename": "add_token"
    }
  },
  {
    "model": "auth.permission",
    "pk": 50,
    "fields": {
      "name": "Can change Token",
      "content_type": 13,
      "codename": "change_token"
    }
  },
  {
    "model": "auth.permission",
    "pk": 51,
    "fields": {
      "name": "Can delete Token",
      "content_type": 13,
      "codename": "delete_token"
    }
  },
  {
    "model": "auth.permission",
    "pk": 52,
    "fields": {
      "name": "Can view Token",
      "content_type": 13,
      "codename": "view_token"
    }
  },
  {
    "model": "auth.permission",
    "pk": 53,
    "fields": {
      "name": "Can add Token",
      "content_type": 14,
      "codename": "add_tokenproxy"
    }
  },
  {
    "model": "auth.permission",
    "pk": 54,
    "fields": {
      "name": "Can change Token",
      "content_type": 14,
      "codename": "change_tokenproxy"
    }
  },
  {
    "model": "auth.permission",
    "pk": 55,
    "fields": {
      "name": "Can delete Token",
      "content_type": 14,
      "codename": "delete_tokenproxy"
    }
  },
  {
    "model": "auth.permission",
    "pk": 56,
    "fields": {
      "name": "Can view Token",
      "content_type": 14,
      "codename": "view_tokenproxy"
    }
  },
  {
    "model": "contenttypes.contenttype",
    "pk": 1,
    "fields": { "app_label": "users", "model": "customuser" }
  },
  {
    "model": "contenttypes.contenttype",
    "pk": 2,
    "fields": { "app_label": "users", "model": "follow" }
  },
  {
    "model": "contenttypes.contenttype",
    "pk": 3,
    "fields": { "app_label": "recipes", "model": "recipe" }
  },
  {
    "model": "contenttypes.contenttype",
    "pk": 4,
    "fields": { "app_label": "recipes", "model": "shoppingcart" }
  },
  {
    "model": "contenttypes.contenttype",
    "pk": 5,
    "fields": { "app_label": "recipes", "model": "recipeingredient" }
  },
  {
    "model": "contenttypes.contenttype",
    "pk": 6,
    "fields": { "app_label": "recipes", "model": "favouriteuserrecipe" }
  },
  {
    "model": "contenttypes.contenttype",
    "pk": 7,
    "fields": { "app_label": "ingredients", "model": "ingredient" }
  },
  {
    "model": "contenttypes.contenttype",
    "pk": 8,
    "fields": { "app_label": "admin", "model": "logentry" }
  },
  {
    "model": "contenttypes.contenttype",
    "pk": 9,
    "fields": { "app_label": "auth", "model": "permission" }
  },
  {
    "model": "contenttypes.contenttype",
    "pk": 10,
    "fields": { "app_label": "auth", "model": "group" }
  },
  {
    "model": "contenttypes.contenttype",
    "pk": 11,
    "fields": { "app_label": "contenttypes", "model": "contenttype" }
  },
  {
    "model": "contenttypes.contenttype",
    "pk": 12,
    "fields": { "app_label": "sessions", "model": "session" }
  },
  {
    "model": "contenttypes.contenttype",
    "pk": 13,
    "fields": { "app_label": "authtoken", "model": "token" }
  },
  {
    "model": "contenttypes.contenttype",
    "pk": 14,
    "fields": { "app_label": "authtoken", "model": "tokenproxy" }
  },
  {
    "model": "sessions.session",
    "pk": "mbxwb3orbx5jmtqrtrlvsyqht2j72zvj",
    "fields": {
      "session_data": ".eJxVjL0OAiEQhN-F2hB-JIClvc9Adpc9OTWQHHeV8d3lkiu0mWK-b-YtEmxrSVvnJc1ZXIQVp98OgZ5cd5AfUO9NUqvrMqPcFXnQLm8t8-t6uH8HBXoZa62CAyQdo2bIajJn6yYmi4jgdST0xo-kQNkxEqswLKNQZe0dBhafLwXOOQg:1uIkxo:Lcs2ceA7shhRCV8G2ZtnPAdYFvX4sl7y7Hq2goInIM4",
      "expire_date": "2025-06-07T09:14:44.121Z"
    }
  },
  {
    "model": "sessions.session",
    "pk": "vg6og2xq1l4nhrtrjm83m8esvzq2tck7",
    "fields": {
      "session_data": ".eJxVjL0OAiEQhN-F2hB-JIClvc9Adpc9OTWQHHeV8d3lkiu0mWK-b-YtEmxrSVvnJc1ZXIQVp98OgZ5cd5AfUO9NUqvrMqPcFXnQLm8t8-t6uH8HBXoZa62CAyQdo2bIajJn6yYmi4jgdST0xo-kQNkxEqswLKNQZe0dBhafLwXOOQg:1uIV0Q:guZlYq-4BWpK3mk4c0Rh5KtJV661uwljS7qgQhTbjfo",
      "expire_date": "2025-06-06T16:12:22.259Z"
    }
  },
  {
    "model": "authtoken.token",
    "pk": "af409af5ef1c1871de5844adee1ded9adc27fa8a",
    "fields": { "user": 3, "created": "2025-05-24T09:52:57.486Z" }
  }
]
